Loan_ID,ApplicantIncome,CoapplicantIncome,Credit_History,Dependents,Education,Gender,LoanAmount,Loan_Amount_Term,Loan_Status,Married,Property_Area,Self_Employed
LP001002,5849,0.0,1.0,0.0,1,1,126.0,360.0,1.0,0,2,0
LP001003,4583,1508.0,1.0,1.0,1,1,128.0,360.0,0.0,1,0,0
LP001005,3000,0.0,1.0,0.0,1,1,66.0,360.0,1.0,1,2,1
LP001006,2583,2358.0,1.0,0.0,0,1,120.0,360.0,1.0,1,2,0
LP001008,6000,0.0,1.0,0.0,1,1,141.0,360.0,1.0,0,2,0
LP001011,5417,4196.0,1.0,2.0,1,1,267.0,360.0,1.0,1,2,1
LP001013,2333,1516.0,1.0,0.0,0,1,95.0,360.0,1.0,1,2,0
LP001014,3036,2504.0,0.0,3.0,1,1,158.0,360.0,0.0,1,1,0
LP001018,4006,1526.0,1.0,2.0,1,1,168.0,360.0,1.0,1,2,0
LP001020,12841,10968.0,1.0,1.0,1,1,349.0,360.0,0.0,1,1,0
LP001024,3200,700.0,1.0,2.0,1,1,70.0,360.0,1.0,1,2,0
LP001027,2500,1840.0,1.0,2.0,1,1,109.0,360.0,1.0,1,2,0
LP001028,3073,8106.0,1.0,2.0,1,1,200.0,360.0,1.0,1,2,0
LP001029,1853,2840.0,1.0,0.0,1,1,114.0,360.0,0.0,0,0,0
LP001030,1299,1086.0,1.0,2.0,1,1,17.0,120.0,1.0,1,2,0
LP001032,4950,0.0,1.0,0.0,1,1,125.0,360.0,1.0,0,2,0
LP001034,3596,0.0,1.0,1.0,0,1,100.0,240.0,1.0,0,2,0
LP001036,3510,0.0,0.0,0.0,1,0,76.0,360.0,0.0,0,2,0
LP001038,4887,0.0,1.0,0.0,0,1,133.0,360.0,0.0,1,0,0
LP001041,2600,3500.0,1.0,0.0,1,1,115.0,360.0,1.0,1,2,0
LP001043,7660,0.0,0.0,0.0,0,1,104.0,360.0,0.0,1,2,0
LP001046,5955,5625.0,1.0,1.0,1,1,315.0,360.0,1.0,1,2,0
LP001047,2600,1911.0,0.0,0.0,0,1,116.0,360.0,0.0,1,1,0
LP001050,3365,1917.0,0.0,2.0,0,1,112.0,360.0,0.0,1,0,0
LP001052,3717,2925.0,1.0,1.0,1,1,151.0,360.0,0.0,1,1,0
LP001066,9560,0.0,1.0,0.0,1,1,191.0,360.0,1.0,1,1,1
LP001068,2799,2253.0,1.0,0.0,1,1,122.0,360.0,1.0,1,1,0
LP001073,4226,1040.0,1.0,2.0,0,1,110.0,360.0,1.0,1,2,0
LP001086,1442,0.0,1.0,0.0,0,1,35.0,360.0,0.0,0,2,0
LP001087,3750,2083.0,1.0,2.0,1,0,120.0,360.0,1.0,0,1,0
LP001091,4166,3369.0,1.0,1.0,1,1,201.0,360.0,0.0,1,2,0
LP001095,3167,0.0,1.0,0.0,1,1,74.0,360.0,0.0,0,2,0
LP001097,4692,0.0,1.0,1.0,1,1,106.0,360.0,0.0,0,0,1
LP001098,3500,1667.0,1.0,0.0,1,1,114.0,360.0,1.0,1,1,0
LP001100,12500,3000.0,1.0,3.0,1,1,320.0,360.0,0.0,0,0,0
LP001106,2275,2067.0,1.0,0.0,1,1,126.0,360.0,1.0,1,2,0
LP001109,1828,1330.0,0.0,0.0,1,1,100.0,360.0,0.0,1,2,0
LP001112,3667,1459.0,1.0,0.0,1,0,144.0,360.0,1.0,1,1,0
LP001114,4166,7210.0,1.0,0.0,1,1,184.0,360.0,1.0,0,2,0
LP001116,3748,1668.0,1.0,0.0,0,1,110.0,360.0,1.0,0,1,0
LP001119,3600,0.0,1.0,0.0,1,1,80.0,360.0,0.0,0,2,0
LP001120,1800,1213.0,1.0,0.0,1,1,47.0,360.0,1.0,0,2,0
LP001123,2400,0.0,1.0,0.0,1,1,75.0,360.0,1.0,1,2,0
LP001131,3941,2336.0,1.0,0.0,1,1,134.0,360.0,1.0,1,1,0
LP001136,4695,0.0,1.0,0.0,0,1,96.0,360.0,1.0,1,2,1
LP001137,3410,0.0,1.0,0.0,1,0,88.0,360.0,1.0,0,2,0
LP001138,5649,0.0,1.0,1.0,1,1,44.0,360.0,1.0,1,2,0
LP001144,5821,0.0,1.0,0.0,1,1,144.0,360.0,1.0,1,2,0
LP001146,2645,3440.0,0.0,0.0,1,0,120.0,360.0,0.0,1,2,0
LP001151,4000,2275.0,1.0,0.0,1,0,144.0,360.0,1.0,0,1,0
LP001155,1928,1644.0,1.0,0.0,0,0,100.0,360.0,1.0,1,1,0
LP001157,3086,0.0,1.0,0.0,1,0,120.0,360.0,1.0,0,1,0
LP001164,4230,0.0,1.0,0.0,1,0,112.0,360.0,0.0,0,1,0
LP001179,4616,0.0,1.0,2.0,1,1,134.0,360.0,0.0,1,2,0
LP001186,11500,0.0,0.0,1.0,1,0,286.0,360.0,0.0,1,2,1
LP001194,2708,1167.0,1.0,2.0,1,1,97.0,360.0,1.0,1,1,0
LP001195,2132,1591.0,1.0,0.0,1,1,96.0,360.0,1.0,1,1,0
LP001197,3366,2200.0,1.0,0.0,1,1,135.0,360.0,0.0,1,0,0
LP001198,8080,2250.0,1.0,1.0,1,1,180.0,360.0,1.0,1,2,0
LP001199,3357,2859.0,1.0,2.0,0,1,144.0,360.0,1.0,1,2,0
LP001205,2500,3796.0,1.0,0.0,1,1,120.0,360.0,1.0,1,2,0
LP001206,3029,0.0,1.0,3.0,1,1,99.0,360.0,1.0,1,2,0
LP001207,2609,3449.0,0.0,0.0,0,1,165.0,180.0,0.0,1,0,1
LP001213,4945,0.0,0.0,1.0,1,1,126.0,360.0,0.0,1,0,0
LP001222,4166,0.0,0.0,0.0,1,0,116.0,360.0,0.0,0,1,0
LP001225,5726,4595.0,1.0,0.0,1,1,258.0,360.0,0.0,1,1,0
LP001228,3200,2254.0,0.0,0.0,0,1,126.0,180.0,0.0,0,2,0
LP001233,10750,0.0,1.0,1.0,1,1,312.0,360.0,1.0,1,2,0
LP001238,7100,0.0,1.0,3.0,0,1,125.0,60.0,1.0,1,2,1
LP001241,4300,0.0,0.0,0.0,1,0,136.0,360.0,0.0,0,1,0
LP001243,3208,3066.0,1.0,0.0,1,1,172.0,360.0,1.0,1,2,0
LP001245,1875,1875.0,1.0,2.0,0,1,97.0,360.0,1.0,1,1,1
LP001248,3500,0.0,1.0,0.0,1,1,81.0,300.0,1.0,0,1,0
LP001250,4755,0.0,0.0,3.0,0,1,95.0,360.0,0.0,1,1,0
LP001253,5266,1774.0,1.0,3.0,1,1,187.0,360.0,1.0,1,1,1
LP001255,3750,0.0,1.0,0.0,1,1,113.0,480.0,0.0,0,2,0
LP001256,3750,4750.0,1.0,0.0,1,1,176.0,360.0,0.0,0,2,0
LP001259,1000,3022.0,1.0,1.0,1,1,110.0,360.0,0.0,1,2,1
LP001263,3167,4000.0,0.0,3.0,1,1,180.0,300.0,0.0,1,1,0
LP001264,3333,2166.0,1.0,3.0,0,1,130.0,360.0,1.0,1,1,1
LP001265,3846,0.0,1.0,0.0,1,0,111.0,360.0,1.0,0,1,0
LP001266,2395,0.0,1.0,1.0,1,1,126.0,360.0,1.0,1,1,1
LP001267,1378,1881.0,1.0,2.0,1,0,167.0,360.0,0.0,1,2,0
LP001273,6000,2250.0,1.0,0.0,1,1,265.0,360.0,0.0,1,1,0
LP001275,3988,0.0,1.0,1.0,1,1,50.0,240.0,1.0,1,2,0
LP001279,2366,2531.0,1.0,0.0,1,1,136.0,360.0,1.0,0,1,0
LP001280,3333,2000.0,1.0,2.0,0,1,99.0,360.0,1.0,1,1,0
LP001282,2500,2118.0,1.0,0.0,1,1,104.0,360.0,1.0,1,1,0
LP001289,8566,0.0,1.0,0.0,1,1,210.0,360.0,1.0,0,2,0
LP001310,5695,4167.0,1.0,0.0,1,1,175.0,360.0,1.0,1,1,0
LP001316,2958,2900.0,1.0,0.0,1,1,131.0,360.0,1.0,1,1,0
LP001318,6250,5654.0,1.0,2.0,1,1,188.0,180.0,1.0,1,1,0
LP001319,3273,1820.0,1.0,2.0,0,1,81.0,360.0,1.0,1,2,0
LP001322,4133,0.0,1.0,0.0,1,1,122.0,360.0,1.0,0,1,0
LP001325,3620,0.0,1.0,0.0,0,1,25.0,120.0,1.0,0,1,0
LP001326,6782,0.0,1.0,0.0,1,1,126.0,360.0,0.0,0,2,0
LP001327,2484,2302.0,1.0,0.0,1,0,137.0,360.0,1.0,1,1,0
LP001333,1977,997.0,1.0,0.0,1,1,50.0,360.0,1.0,1,1,0
LP001334,4188,0.0,1.0,0.0,0,1,115.0,180.0,1.0,1,1,0
LP001343,1759,3541.0,1.0,0.0,1,1,131.0,360.0,1.0,1,1,0
LP001345,4288,3263.0,1.0,2.0,0,1,133.0,180.0,1.0,1,2,0
LP001349,4843,3806.0,1.0,0.0,1,1,151.0,360.0,1.0,0,1,0
LP001350,13650,0.0,1.0,0.0,1,1,126.0,360.0,1.0,1,2,0
LP001356,4652,3583.0,1.0,0.0,1,1,126.0,360.0,1.0,1,1,0
LP001357,3816,754.0,1.0,0.0,1,1,160.0,360.0,1.0,1,2,0
LP001367,3052,1030.0,1.0,1.0,1,1,100.0,360.0,1.0,1,2,0
LP001369,11417,1126.0,1.0,2.0,1,1,225.0,360.0,1.0,1,2,0
LP001370,7333,0.0,1.0,0.0,0,1,120.0,360.0,0.0,0,0,0
LP001379,3800,3600.0,0.0,2.0,1,1,216.0,360.0,0.0,1,2,0
LP001384,2071,754.0,1.0,3.0,0,1,94.0,480.0,1.0,1,1,0
LP001385,5316,0.0,1.0,0.0,1,1,136.0,360.0,1.0,0,2,0
LP001387,2929,2333.0,1.0,0.0,1,0,139.0,360.0,1.0,1,1,0
LP001391,3572,4114.0,0.0,0.0,0,1,152.0,360.0,0.0,1,0,0
LP001392,7451,0.0,1.0,1.0,1,0,126.0,360.0,1.0,0,1,1
LP001398,5050,0.0,1.0,0.0,1,1,118.0,360.0,1.0,0,1,0
LP001401,14583,0.0,1.0,1.0,1,1,185.0,180.0,1.0,1,0,0
LP001404,3167,2283.0,1.0,0.0,1,0,154.0,360.0,1.0,1,1,0
LP001405,2214,1398.0,1.0,1.0,1,1,85.0,360.0,1.0,1,2,0
LP001421,5568,2142.0,1.0,0.0,1,1,175.0,360.0,0.0,1,0,0
LP001422,10408,0.0,1.0,0.0,1,0,259.0,360.0,1.0,0,2,0
LP001426,5667,2667.0,1.0,0.0,1,1,180.0,360.0,1.0,1,0,0
LP001430,4166,0.0,1.0,0.0,1,0,44.0,360.0,1.0,0,1,0
LP001431,2137,8980.0,0.0,0.0,1,0,137.0,360.0,1.0,0,1,0
LP001432,2957,0.0,1.0,2.0,1,1,81.0,360.0,1.0,1,1,0
LP001439,4300,2014.0,1.0,0.0,0,1,194.0,360.0,1.0,1,0,0
LP001443,3692,0.0,1.0,0.0,1,0,93.0,360.0,1.0,0,0,0
LP001448,23803,0.0,1.0,3.0,1,1,370.0,360.0,1.0,1,0,0
LP001449,3865,1640.0,1.0,0.0,1,1,126.0,360.0,1.0,0,0,0
LP001451,10513,3850.0,0.0,1.0,1,1,160.0,180.0,0.0,1,2,1
LP001465,6080,2569.0,1.0,0.0,1,1,182.0,360.0,0.0,1,0,0
LP001469,20166,0.0,1.0,0.0,1,1,650.0,480.0,1.0,0,2,1
LP001473,2014,1929.0,1.0,0.0,1,1,74.0,360.0,1.0,0,2,0
LP001478,2718,0.0,1.0,0.0,1,1,70.0,360.0,1.0,0,1,0
LP001482,3459,0.0,1.0,0.0,1,1,25.0,120.0,1.0,1,1,1
LP001487,4895,0.0,1.0,0.0,1,1,102.0,360.0,1.0,0,1,0
LP001488,4000,7750.0,1.0,3.0,1,1,290.0,360.0,0.0,1,1,0
LP001489,4583,0.0,1.0,0.0,1,0,84.0,360.0,0.0,1,0,0
LP001491,3316,3500.0,1.0,2.0,1,1,88.0,360.0,1.0,1,2,1
LP001492,14999,0.0,0.0,0.0,1,1,242.0,360.0,0.0,0,1,0
LP001493,4200,1430.0,1.0,2.0,0,1,129.0,360.0,0.0,1,0,0
LP001497,5042,2083.0,1.0,2.0,1,1,185.0,360.0,0.0,1,0,0
LP001498,5417,0.0,1.0,0.0,1,1,168.0,360.0,1.0,0,2,0
LP001504,6950,0.0,1.0,0.0,1,1,175.0,180.0,1.0,0,1,1
LP001507,2698,2034.0,1.0,0.0,1,1,122.0,360.0,1.0,1,1,0
LP001508,11757,0.0,1.0,2.0,1,1,187.0,180.0,1.0,1,2,0
LP001514,2330,4486.0,1.0,0.0,1,0,100.0,360.0,1.0,1,1,0
LP001516,14866,0.0,1.0,2.0,1,0,70.0,360.0,1.0,1,2,0
LP001518,1538,1425.0,1.0,1.0,1,1,30.0,360.0,1.0,1,2,0
LP001519,10000,1666.0,1.0,0.0,1,0,225.0,360.0,0.0,0,0,0
LP001520,4860,830.0,1.0,0.0,1,1,125.0,360.0,1.0,1,1,0
LP001528,6277,0.0,0.0,0.0,1,1,118.0,360.0,0.0,0,0,0
LP001529,2577,3750.0,1.0,0.0,1,1,152.0,360.0,1.0,1,0,1
LP001531,9166,0.0,1.0,0.0,1,1,244.0,360.0,0.0,0,2,0
LP001532,2281,0.0,1.0,2.0,0,1,113.0,360.0,0.0,1,0,0
LP001535,3254,0.0,1.0,0.0,1,1,50.0,360.0,1.0,0,2,0
LP001536,39999,0.0,0.0,3.0,1,1,600.0,180.0,1.0,1,1,0
LP001541,6000,0.0,1.0,1.0,1,1,160.0,360.0,1.0,1,0,0
LP001543,9538,0.0,1.0,1.0,1,1,187.0,360.0,1.0,1,2,0
LP001546,2980,2083.0,1.0,0.0,1,1,120.0,360.0,1.0,0,0,0
LP001552,4583,5625.0,1.0,0.0,1,1,255.0,360.0,1.0,1,1,0
LP001560,1863,1041.0,1.0,0.0,0,1,98.0,360.0,1.0,1,1,0
LP001562,7933,0.0,1.0,0.0,1,1,275.0,360.0,0.0,1,2,0
LP001565,3089,1280.0,0.0,1.0,1,1,121.0,360.0,0.0,1,1,0
LP001570,4167,1447.0,1.0,2.0,1,1,158.0,360.0,1.0,1,0,0
LP001572,9323,0.0,1.0,0.0,1,1,75.0,180.0,1.0,1,2,0
LP001574,3707,3166.0,1.0,0.0,1,1,182.0,360.0,1.0,1,0,0
LP001577,4583,0.0,1.0,0.0,1,0,112.0,360.0,0.0,1,0,0
LP001578,2439,3333.0,1.0,0.0,1,1,129.0,360.0,1.0,1,0,0
LP001579,2237,0.0,0.0,0.0,1,1,63.0,480.0,0.0,0,1,0
LP001580,8000,0.0,1.0,2.0,1,1,200.0,360.0,1.0,1,1,0
LP001581,1820,1769.0,1.0,0.0,0,1,95.0,360.0,1.0,1,0,0
LP001585,51763,0.0,1.0,3.0,1,1,700.0,300.0,1.0,1,2,0
LP001586,3522,0.0,1.0,3.0,0,1,81.0,180.0,0.0,1,0,0
LP001594,5708,5625.0,1.0,0.0,1,1,187.0,360.0,1.0,1,1,0
LP001603,4344,736.0,1.0,0.0,0,1,87.0,360.0,0.0,1,1,1
LP001606,3497,1964.0,1.0,0.0,1,1,116.0,360.0,1.0,1,0,0
LP001608,2045,1619.0,1.0,2.0,1,1,101.0,360.0,1.0,1,0,0
LP001610,5516,11300.0,0.0,3.0,1,1,495.0,360.0,0.0,1,1,0
LP001616,3750,0.0,1.0,1.0,1,1,116.0,360.0,1.0,1,1,0
LP001630,2333,1451.0,0.0,0.0,0,1,102.0,480.0,0.0,0,2,0
LP001633,6400,7250.0,0.0,1.0,1,1,180.0,360.0,0.0,1,2,0
LP001634,1916,5063.0,1.0,0.0,1,1,67.0,360.0,0.0,0,0,0
LP001636,4600,0.0,1.0,0.0,1,1,73.0,180.0,1.0,1,1,0
LP001637,33846,0.0,1.0,1.0,1,1,260.0,360.0,0.0,1,1,0
LP001639,3625,0.0,1.0,0.0,1,0,108.0,360.0,1.0,1,1,0
LP001640,39147,4750.0,1.0,0.0,1,1,120.0,360.0,1.0,1,1,1
LP001641,2178,0.0,0.0,1.0,1,1,66.0,300.0,0.0,1,0,1
LP001643,2383,2138.0,1.0,0.0,1,1,58.0,360.0,1.0,1,0,0
LP001644,674,5296.0,1.0,0.0,1,1,168.0,360.0,1.0,1,0,1
LP001647,9328,0.0,1.0,0.0,1,1,188.0,180.0,1.0,1,0,0
LP001653,4885,0.0,1.0,0.0,0,1,48.0,360.0,1.0,0,0,0
LP001656,12000,0.0,1.0,0.0,1,1,164.0,360.0,0.0,0,1,0
LP001657,6033,0.0,1.0,0.0,0,1,160.0,360.0,0.0,1,2,0
LP001658,3858,0.0,1.0,0.0,1,1,76.0,360.0,1.0,0,1,0
LP001664,4191,0.0,1.0,0.0,1,1,120.0,360.0,1.0,0,0,0
LP001665,3125,2583.0,1.0,1.0,1,1,170.0,360.0,0.0,1,1,0
LP001666,8333,3750.0,1.0,0.0,1,1,187.0,360.0,1.0,0,0,0
LP001669,1907,2365.0,1.0,0.0,0,0,120.0,360.0,1.0,0,2,0
LP001671,3416,2816.0,1.0,0.0,1,0,113.0,360.0,1.0,1,1,0
LP001673,11000,0.0,1.0,0.0,1,1,83.0,360.0,0.0,0,2,1
LP001674,2600,2500.0,1.0,1.0,0,1,90.0,360.0,1.0,1,1,0
LP001677,4923,0.0,0.0,2.0,1,1,166.0,360.0,1.0,0,1,0
LP001682,3992,0.0,1.0,3.0,0,1,126.0,180.0,0.0,1,2,0
LP001688,3500,1083.0,1.0,1.0,0,1,135.0,360.0,1.0,1,2,0
LP001691,3917,0.0,1.0,2.0,0,1,124.0,360.0,1.0,1,1,0
LP001692,4408,0.0,1.0,0.0,0,0,120.0,360.0,1.0,0,1,0
LP001693,3244,0.0,1.0,0.0,1,0,80.0,360.0,1.0,0,2,0
LP001698,3975,2531.0,1.0,0.0,0,1,55.0,360.0,1.0,0,0,0
LP001699,2479,0.0,1.0,0.0,1,1,59.0,360.0,1.0,0,2,0
LP001702,3418,0.0,1.0,0.0,1,1,127.0,360.0,0.0,0,1,0
LP001708,10000,0.0,1.0,0.0,1,0,214.0,360.0,0.0,0,1,0
LP001711,3430,1250.0,0.0,3.0,1,1,128.0,360.0,0.0,1,1,0
LP001713,7787,0.0,1.0,1.0,1,1,240.0,360.0,1.0,1,2,1
LP001715,5703,0.0,1.0,3.0,0,1,130.0,360.0,1.0,1,0,1
LP001716,3173,3021.0,1.0,0.0,1,1,137.0,360.0,1.0,1,2,0
LP001720,3850,983.0,1.0,3.0,0,1,100.0,360.0,1.0,1,1,0
LP001722,150,1800.0,1.0,0.0,1,1,135.0,360.0,0.0,1,0,0
LP001726,3727,1775.0,1.0,0.0,1,1,131.0,360.0,1.0,1,1,0
LP001732,5000,0.0,0.0,2.0,1,1,72.0,360.0,0.0,1,1,0
LP001734,4283,2383.0,1.0,2.0,1,0,127.0,360.0,1.0,1,1,0
LP001736,2221,0.0,0.0,0.0,1,1,60.0,360.0,0.0,1,2,0
LP001743,4009,1717.0,1.0,2.0,1,1,116.0,360.0,1.0,1,1,0
LP001744,2971,2791.0,1.0,0.0,1,1,144.0,360.0,1.0,0,1,0
LP001749,7578,1010.0,1.0,0.0,1,1,175.0,360.0,1.0,1,1,0
LP001750,6250,0.0,1.0,0.0,1,1,128.0,360.0,1.0,1,1,0
LP001751,3250,0.0,1.0,0.0,1,1,170.0,360.0,0.0,1,0,0
LP001754,4735,0.0,1.0,0.0,0,1,138.0,360.0,0.0,1,2,1
LP001758,6250,1695.0,1.0,2.0,1,1,210.0,360.0,1.0,1,1,0
LP001760,4758,0.0,1.0,0.0,1,1,158.0,480.0,1.0,1,1,0
LP001761,6400,0.0,1.0,0.0,1,1,200.0,360.0,1.0,0,0,1
LP001765,2491,2054.0,1.0,1.0,1,1,104.0,360.0,1.0,1,1,0
LP001768,3716,0.0,1.0,0.0,1,1,42.0,180.0,1.0,1,0,0
LP001770,3189,2598.0,1.0,0.0,0,1,120.0,360.0,1.0,0,0,0
LP001776,8333,0.0,1.0,0.0,1,0,280.0,360.0,1.0,0,1,0
LP001778,3155,1779.0,1.0,1.0,1,1,140.0,360.0,1.0,1,1,0
LP001784,5500,1260.0,1.0,1.0,1,1,170.0,360.0,1.0,1,0,0
LP001786,5746,0.0,1.0,0.0,1,1,255.0,360.0,0.0,1,2,0
LP001788,3463,0.0,1.0,0.0,1,0,122.0,360.0,1.0,0,2,1
LP001790,3812,0.0,1.0,1.0,1,0,112.0,360.0,1.0,0,0,0
LP001792,3315,0.0,1.0,1.0,1,1,96.0,360.0,1.0,1,1,0
LP001798,5819,5000.0,1.0,2.0,1,1,120.0,360.0,1.0,1,0,0
LP001800,2510,1983.0,1.0,1.0,0,1,140.0,180.0,0.0,1,2,0
LP001806,2965,5701.0,1.0,0.0,1,1,155.0,60.0,1.0,0,2,0
LP001807,6250,1300.0,1.0,2.0,1,1,108.0,360.0,1.0,1,0,1
LP001811,3406,4417.0,1.0,0.0,0,1,123.0,360.0,1.0,1,1,0
LP001813,6050,4333.0,1.0,0.0,1,1,120.0,180.0,0.0,0,2,1
LP001814,9703,0.0,1.0,2.0,1,1,112.0,360.0,1.0,1,2,0
LP001819,6608,0.0,1.0,1.0,0,1,137.0,180.0,1.0,1,2,0
LP001824,2882,1843.0,1.0,1.0,1,1,123.0,480.0,1.0,1,1,0
LP001825,1809,1868.0,1.0,0.0,1,1,90.0,360.0,1.0,1,2,0
LP001835,1668,3890.0,0.0,0.0,0,1,201.0,360.0,0.0,1,1,0
LP001836,3427,0.0,1.0,2.0,1,0,138.0,360.0,0.0,0,2,0
LP001841,2583,2167.0,1.0,0.0,0,1,104.0,360.0,1.0,0,0,1
LP001843,2661,7101.0,1.0,1.0,0,1,279.0,180.0,1.0,1,1,0
LP001844,16250,0.0,0.0,0.0,1,1,192.0,360.0,0.0,0,2,1
LP001846,3083,0.0,1.0,3.0,1,0,255.0,360.0,1.0,0,0,0
LP001849,6045,0.0,0.0,0.0,0,1,115.0,360.0,0.0,0,0,0
LP001854,5250,0.0,1.0,3.0,1,1,94.0,360.0,0.0,1,2,0
LP001859,14683,2100.0,1.0,0.0,1,1,304.0,360.0,0.0,1,0,0
LP001864,4931,0.0,1.0,3.0,0,1,128.0,360.0,0.0,1,1,0
LP001865,6083,4250.0,1.0,1.0,1,1,330.0,360.0,1.0,1,2,0
LP001868,2060,2209.0,1.0,0.0,1,1,134.0,360.0,1.0,0,1,0
LP001870,3481,0.0,1.0,1.0,1,0,155.0,36.0,0.0,0,1,0
LP001871,7200,0.0,1.0,0.0,1,0,120.0,360.0,1.0,0,0,0
LP001872,5166,0.0,1.0,0.0,1,1,128.0,360.0,1.0,0,1,1
LP001875,4095,3447.0,1.0,0.0,1,1,151.0,360.0,1.0,0,0,0
LP001877,4708,1387.0,1.0,2.0,1,1,150.0,360.0,1.0,1,1,0
LP001882,4333,1811.0,0.0,3.0,1,1,160.0,360.0,1.0,1,2,0
LP001883,3418,0.0,1.0,0.0,1,0,135.0,360.0,0.0,0,0,0
LP001884,2876,1560.0,1.0,1.0,1,0,90.0,360.0,1.0,0,2,0
LP001888,3237,0.0,1.0,0.0,1,0,30.0,360.0,1.0,0,2,0
LP001891,11146,0.0,1.0,0.0,1,1,136.0,360.0,1.0,1,2,0
LP001892,2833,1857.0,1.0,0.0,1,1,126.0,360.0,1.0,0,0,0
LP001894,2620,2223.0,1.0,0.0,1,1,150.0,360.0,1.0,1,1,0
LP001896,3900,0.0,1.0,2.0,1,1,90.0,360.0,1.0,1,1,0
LP001900,2750,1842.0,1.0,1.0,1,1,115.0,360.0,1.0,1,1,0
LP001903,3993,3274.0,1.0,0.0,1,1,207.0,360.0,1.0,1,1,0
LP001904,3103,1300.0,1.0,0.0,1,1,80.0,360.0,1.0,1,2,0
LP001907,14583,0.0,1.0,0.0,1,1,436.0,360.0,1.0,1,1,0
LP001908,4100,0.0,1.0,0.0,0,0,124.0,360.0,1.0,1,0,0
LP001910,4053,2426.0,0.0,1.0,0,1,158.0,360.0,0.0,0,2,1
LP001914,3927,800.0,1.0,0.0,1,1,112.0,360.0,1.0,1,1,0
LP001915,2301,985.7999877999998,1.0,2.0,1,1,78.0,180.0,1.0,1,2,0
LP001917,1811,1666.0,1.0,0.0,1,0,54.0,360.0,1.0,0,2,0
LP001922,20667,0.0,1.0,0.0,1,1,126.0,360.0,0.0,1,0,0
LP001924,3158,3053.0,1.0,0.0,1,1,89.0,360.0,1.0,0,0,0
LP001925,2600,1717.0,1.0,0.0,1,0,99.0,300.0,0.0,0,1,1
LP001926,3704,2000.0,1.0,0.0,1,1,120.0,360.0,1.0,1,0,0
LP001931,4124,0.0,1.0,0.0,1,0,115.0,360.0,1.0,0,1,0
LP001935,9508,0.0,1.0,0.0,1,1,187.0,360.0,1.0,0,0,0
LP001936,3075,2416.0,1.0,0.0,1,1,139.0,360.0,1.0,1,0,0
LP001938,4400,0.0,0.0,2.0,1,1,127.0,360.0,0.0,1,1,0
LP001940,3153,1560.0,1.0,2.0,1,1,134.0,360.0,1.0,1,2,0
LP001945,5417,0.0,0.0,0.0,1,0,143.0,480.0,0.0,0,2,0
LP001947,2383,3334.0,1.0,0.0,1,1,172.0,360.0,1.0,1,1,0
LP001949,4416,1250.0,1.0,3.0,1,1,110.0,360.0,1.0,1,2,0
LP001953,6875,0.0,1.0,1.0,1,1,200.0,360.0,1.0,1,1,0
LP001954,4666,0.0,1.0,1.0,1,0,135.0,360.0,1.0,1,2,0
LP001955,5000,2541.0,1.0,0.0,1,0,151.0,480.0,0.0,0,0,0
LP001963,2014,2925.0,1.0,1.0,1,1,113.0,360.0,0.0,1,2,0
LP001964,1800,2934.0,0.0,0.0,0,1,93.0,360.0,0.0,1,2,0
LP001972,2875,1750.0,1.0,0.0,0,1,105.0,360.0,1.0,1,1,0
LP001974,5000,0.0,1.0,0.0,1,0,132.0,360.0,1.0,0,0,0
LP001977,1625,1803.0,1.0,1.0,1,1,96.0,360.0,1.0,1,2,0
LP001978,4000,2500.0,1.0,0.0,1,1,140.0,360.0,1.0,0,0,0
LP001990,2000,0.0,1.0,0.0,0,1,126.0,360.0,0.0,0,2,0
LP001993,3762,1666.0,1.0,0.0,1,0,135.0,360.0,1.0,0,0,0
LP001994,2400,1863.0,0.0,0.0,1,0,104.0,360.0,0.0,0,2,0
LP001996,20233,0.0,1.0,0.0,1,1,480.0,360.0,0.0,0,0,0
LP001998,7667,0.0,1.0,2.0,0,1,185.0,360.0,1.0,1,0,0
LP002002,2917,0.0,1.0,0.0,1,0,84.0,360.0,1.0,0,1,0
LP002004,2927,2405.0,1.0,0.0,0,1,111.0,360.0,1.0,0,1,0
LP002006,2507,0.0,1.0,0.0,1,0,56.0,360.0,1.0,0,0,0
LP002008,5746,0.0,1.0,2.0,1,1,144.0,84.0,1.0,1,0,1
LP002024,2473,1843.0,1.0,0.0,1,1,159.0,360.0,0.0,1,0,0
LP002031,3399,1640.0,1.0,1.0,0,1,111.0,180.0,1.0,1,2,0
LP002035,3717,0.0,1.0,2.0,1,1,120.0,360.0,1.0,1,1,0
LP002036,2058,2134.0,1.0,0.0,1,1,88.0,360.0,1.0,1,2,0
LP002043,3541,0.0,1.0,1.0,1,0,112.0,360.0,1.0,0,1,0
LP002050,10000,0.0,1.0,1.0,1,1,155.0,360.0,0.0,1,0,1
LP002051,2400,2167.0,1.0,0.0,1,1,115.0,360.0,1.0,1,1,0
LP002053,4342,189.0,1.0,3.0,1,1,124.0,360.0,1.0,1,1,0
LP002054,3601,1590.0,1.0,2.0,0,1,126.0,360.0,1.0,1,0,0
LP002055,3166,2985.0,1.0,0.0,1,0,132.0,360.0,1.0,0,0,0
LP002065,15000,0.0,1.0,3.0,1,1,300.0,360.0,1.0,1,0,0
LP002067,8666,4983.0,0.0,1.0,1,1,376.0,360.0,0.0,1,0,1
LP002068,4917,0.0,0.0,0.0,1,1,130.0,360.0,1.0,0,0,0
LP002082,5818,2160.0,1.0,0.0,1,1,184.0,360.0,1.0,1,1,1
LP002086,4333,2451.0,1.0,0.0,1,0,110.0,360.0,0.0,1,2,0
LP002087,2500,0.0,1.0,0.0,1,0,67.0,360.0,1.0,0,2,0
LP002097,4384,1793.0,1.0,1.0,1,1,117.0,360.0,1.0,0,2,0
LP002098,2935,0.0,1.0,0.0,1,1,98.0,360.0,1.0,0,1,0
LP002100,2833,0.0,1.0,0.0,1,1,71.0,360.0,1.0,0,2,0
LP002101,63337,0.0,1.0,0.0,1,1,490.0,180.0,1.0,1,2,0
LP002103,9833,1833.0,1.0,1.0,1,1,182.0,180.0,1.0,1,2,1
LP002106,5503,4490.0,1.0,0.0,1,1,70.0,360.0,1.0,1,1,1
LP002110,5250,688.0,1.0,1.0,1,1,160.0,360.0,1.0,1,0,0
LP002112,2500,4600.0,1.0,2.0,1,1,176.0,360.0,1.0,1,0,1
LP002113,1830,0.0,0.0,3.0,0,0,126.0,360.0,0.0,0,2,0
LP002114,4160,0.0,1.0,0.0,1,0,71.0,360.0,1.0,0,1,0
LP002115,2647,1587.0,1.0,3.0,0,1,173.0,360.0,0.0,1,0,0
LP002116,2378,0.0,1.0,0.0,1,0,46.0,360.0,0.0,0,0,0
LP002119,4554,1229.0,1.0,1.0,0,1,158.0,360.0,1.0,1,2,0
LP002126,3173,0.0,1.0,3.0,0,1,74.0,360.0,1.0,1,1,0
LP002128,2583,2330.0,1.0,2.0,1,1,125.0,360.0,1.0,1,0,0
LP002129,2499,2458.0,1.0,0.0,1,1,160.0,360.0,1.0,1,1,0
LP002130,3523,3230.0,0.0,0.0,0,1,152.0,360.0,0.0,1,0,0
LP002131,3083,2168.0,1.0,2.0,0,1,126.0,360.0,1.0,1,2,0
LP002137,6333,4583.0,1.0,0.0,1,1,259.0,360.0,1.0,1,1,0
LP002138,2625,6250.0,1.0,0.0,1,1,187.0,360.0,1.0,1,0,0
LP002139,9083,0.0,1.0,0.0,1,1,228.0,360.0,1.0,1,1,0
LP002140,8750,4167.0,1.0,0.0,1,1,308.0,360.0,0.0,0,0,0
LP002141,2666,2083.0,1.0,3.0,1,1,95.0,360.0,1.0,1,0,0
LP002142,5500,0.0,0.0,0.0,1,0,105.0,360.0,0.0,1,0,1
LP002143,2423,505.0,1.0,0.0,1,0,130.0,360.0,1.0,1,1,0
LP002144,3813,0.0,1.0,0.0,1,0,116.0,180.0,1.0,0,2,0
LP002149,8333,3167.0,1.0,2.0,1,1,165.0,360.0,1.0,1,0,0
LP002151,3875,0.0,1.0,1.0,1,1,67.0,360.0,0.0,1,2,0
LP002158,3000,1666.0,0.0,0.0,0,1,100.0,480.0,0.0,1,2,0
LP002160,5167,3167.0,1.0,3.0,1,1,200.0,360.0,1.0,1,1,0
LP002161,4723,0.0,1.0,1.0,1,0,81.0,360.0,0.0,0,1,0
LP002170,5000,3667.0,1.0,2.0,1,1,236.0,360.0,1.0,1,1,0
LP002175,4750,2333.0,1.0,0.0,1,1,130.0,360.0,1.0,1,2,0
LP002178,3013,3033.0,1.0,0.0,1,1,95.0,300.0,1.0,1,2,0
LP002180,6822,0.0,1.0,0.0,1,1,141.0,360.0,1.0,0,0,1
LP002181,6216,0.0,1.0,0.0,0,1,133.0,360.0,0.0,0,0,0
LP002187,2500,0.0,1.0,0.0,1,1,96.0,480.0,0.0,0,1,0
LP002188,5124,0.0,0.0,0.0,1,1,124.0,360.0,0.0,0,0,0
LP002190,6325,0.0,1.0,1.0,1,1,175.0,360.0,1.0,1,1,0
LP002191,19730,5266.0,1.0,0.0,1,1,570.0,360.0,0.0,1,0,0
LP002194,15759,0.0,1.0,0.0,1,0,55.0,360.0,1.0,0,1,1
LP002197,5185,0.0,1.0,2.0,1,1,155.0,360.0,1.0,1,1,0
LP002201,9323,7873.0,1.0,2.0,1,1,380.0,300.0,1.0,1,0,1
LP002205,3062,1987.0,0.0,1.0,1,1,111.0,180.0,0.0,0,2,0
LP002209,2764,1459.0,1.0,0.0,1,0,110.0,360.0,1.0,0,2,0
LP002211,4817,923.0,1.0,0.0,1,1,120.0,180.0,1.0,1,2,0
LP002219,8750,4996.0,1.0,3.0,1,1,130.0,360.0,1.0,1,0,0
LP002223,4310,0.0,1.0,0.0,1,1,130.0,360.0,1.0,1,1,0
LP002224,3069,0.0,1.0,0.0,1,1,71.0,480.0,0.0,0,2,0
LP002225,5391,0.0,1.0,2.0,1,1,130.0,360.0,1.0,1,2,0
LP002226,3333,2500.0,1.0,0.0,1,1,128.0,360.0,1.0,1,1,0
LP002229,5941,4232.0,1.0,0.0,1,1,296.0,360.0,1.0,0,1,0
LP002231,6000,0.0,1.0,0.0,1,0,156.0,360.0,1.0,0,2,0
LP002234,7167,0.0,1.0,0.0,1,1,128.0,360.0,1.0,0,2,1
LP002236,4566,0.0,1.0,2.0,1,1,100.0,360.0,0.0,1,2,0
LP002237,3667,0.0,1.0,1.0,1,1,113.0,180.0,1.0,0,2,0
LP002239,2346,1600.0,1.0,0.0,0,1,132.0,360.0,1.0,0,1,0
LP002243,3010,3136.0,0.0,0.0,0,1,126.0,360.0,0.0,1,2,0
LP002244,2333,2417.0,1.0,0.0,1,1,136.0,360.0,1.0,1,2,0
LP002250,5488,0.0,1.0,0.0,1,1,125.0,360.0,1.0,1,0,0
LP002255,9167,0.0,1.0,3.0,1,1,185.0,360.0,1.0,0,0,0
LP002262,9504,0.0,1.0,3.0,1,1,275.0,360.0,1.0,1,0,0
LP002263,2583,2115.0,1.0,0.0,1,1,120.0,360.0,1.0,1,2,0
LP002265,1993,1625.0,1.0,2.0,0,1,113.0,180.0,1.0,1,1,0
LP002266,3100,1400.0,1.0,2.0,1,1,113.0,360.0,1.0,1,2,0
LP002272,3276,484.0,1.0,2.0,1,1,135.0,360.0,1.0,1,1,0
LP002277,3180,0.0,0.0,0.0,1,0,71.0,360.0,0.0,0,2,0
LP002281,3033,1459.0,1.0,0.0,1,1,95.0,360.0,1.0,1,2,0
LP002284,3902,1666.0,1.0,0.0,0,1,109.0,360.0,1.0,0,0,0
LP002287,1500,1800.0,0.0,0.0,1,0,103.0,360.0,0.0,0,1,0
LP002288,2889,0.0,0.0,2.0,0,1,45.0,180.0,0.0,1,2,0
LP002296,2755,0.0,1.0,0.0,0,1,65.0,300.0,0.0,0,0,0
LP002297,2500,20000.0,1.0,0.0,1,1,103.0,360.0,1.0,0,1,0
LP002300,1963,0.0,1.0,0.0,0,0,53.0,360.0,1.0,0,1,0
LP002301,7441,0.0,1.0,0.0,1,0,194.0,360.0,0.0,0,0,1
LP002305,4547,0.0,1.0,0.0,1,0,115.0,360.0,1.0,0,1,0
LP002308,2167,2400.0,1.0,0.0,0,1,115.0,360.0,1.0,1,2,0
LP002314,2213,0.0,1.0,0.0,0,0,66.0,360.0,1.0,0,0,0
LP002315,8300,0.0,0.0,1.0,1,1,152.0,300.0,0.0,1,1,0
LP002317,81000,0.0,0.0,3.0,1,1,360.0,360.0,0.0,1,0,0
LP002318,3867,0.0,1.0,1.0,0,0,62.0,360.0,0.0,0,1,1
LP002319,6256,0.0,1.0,0.0,1,1,160.0,360.0,1.0,1,2,0
LP002328,6096,0.0,0.0,0.0,0,1,218.0,360.0,0.0,1,0,0
LP002332,2253,2033.0,1.0,0.0,0,1,110.0,360.0,1.0,1,0,0
LP002335,2149,3237.0,0.0,0.0,0,0,178.0,360.0,0.0,1,1,0
LP002337,2995,0.0,1.0,0.0,1,0,60.0,360.0,1.0,0,2,0
LP002341,2600,0.0,1.0,1.0,1,0,160.0,360.0,0.0,0,2,0
LP002342,1600,20000.0,1.0,2.0,1,1,239.0,360.0,0.0,1,2,1
LP002345,1025,2773.0,1.0,0.0,1,1,112.0,360.0,1.0,1,0,0
LP002347,3246,1417.0,1.0,0.0,1,1,138.0,360.0,1.0,1,1,0
LP002348,5829,0.0,1.0,0.0,1,1,138.0,360.0,1.0,1,0,0
LP002357,2720,0.0,0.0,0.0,0,0,80.0,360.0,0.0,0,2,0
LP002361,1820,1719.0,1.0,0.0,1,1,100.0,360.0,1.0,1,2,0
LP002362,7250,1667.0,0.0,1.0,1,1,110.0,360.0,0.0,1,2,0
LP002364,14880,0.0,1.0,0.0,1,1,96.0,360.0,1.0,1,1,0
LP002366,2666,4300.0,1.0,0.0,1,1,121.0,360.0,1.0,1,0,0
LP002367,4606,0.0,1.0,1.0,0,0,81.0,360.0,0.0,0,0,0
LP002368,5935,0.0,1.0,2.0,1,1,133.0,360.0,1.0,1,1,0
LP002369,2920,16.12000084,1.0,0.0,1,1,87.0,360.0,1.0,1,0,0
LP002370,2717,0.0,1.0,0.0,0,1,60.0,180.0,1.0,0,2,0
LP002377,8624,0.0,1.0,1.0,1,0,150.0,360.0,1.0,0,1,1
LP002379,6500,0.0,0.0,0.0,1,1,105.0,360.0,0.0,0,0,0
LP002386,12876,0.0,1.0,0.0,1,1,405.0,360.0,1.0,0,1,0
LP002387,2425,2340.0,1.0,0.0,1,1,143.0,360.0,1.0,1,1,0
LP002390,3750,0.0,1.0,0.0,1,1,100.0,360.0,1.0,0,2,0
LP002393,10047,0.0,1.0,0.0,1,0,126.0,240.0,1.0,1,1,0
LP002398,1926,1851.0,1.0,0.0,1,1,50.0,360.0,1.0,0,1,0
LP002401,2213,1125.0,1.0,0.0,1,1,126.0,360.0,1.0,1,2,0
LP002403,10416,0.0,0.0,0.0,1,1,187.0,360.0,0.0,0,2,1
LP002407,7142,0.0,1.0,0.0,0,0,138.0,360.0,1.0,1,0,1
LP002408,3660,5064.0,1.0,0.0,1,1,187.0,360.0,1.0,0,1,0
LP002409,7901,1833.0,1.0,0.0,1,1,180.0,360.0,1.0,1,0,0
LP002418,4707,1993.0,1.0,3.0,0,1,148.0,360.0,1.0,0,1,0
LP002422,37719,0.0,1.0,1.0,1,1,152.0,360.0,1.0,0,1,0
LP002424,7333,8333.0,1.0,0.0,1,1,175.0,300.0,1.0,1,0,0
LP002429,3466,1210.0,1.0,1.0,1,1,130.0,360.0,1.0,1,0,1
LP002434,4652,0.0,1.0,2.0,0,1,110.0,360.0,1.0,1,0,0
LP002435,3539,1376.0,1.0,0.0,1,1,55.0,360.0,0.0,1,0,0
LP002443,3340,1710.0,0.0,2.0,1,1,150.0,360.0,0.0,1,0,0
LP002444,2769,1542.0,1.0,1.0,0,1,190.0,360.0,0.0,0,1,1
LP002446,2309,1255.0,0.0,2.0,0,1,125.0,360.0,0.0,1,0,0
LP002447,1958,1456.0,1.0,2.0,0,1,60.0,300.0,1.0,1,2,0
LP002448,3948,1733.0,0.0,0.0,1,1,149.0,360.0,0.0,1,0,0
LP002449,2483,2466.0,0.0,0.0,1,1,90.0,180.0,1.0,1,0,0
LP002453,7085,0.0,1.0,0.0,1,1,84.0,360.0,1.0,0,1,1
LP002455,3859,0.0,1.0,2.0,1,1,96.0,360.0,1.0,1,1,0
LP002459,4301,0.0,1.0,0.0,1,1,118.0,360.0,1.0,1,2,0
LP002467,3708,2569.0,1.0,0.0,1,1,173.0,360.0,0.0,1,2,0
LP002472,4354,0.0,1.0,2.0,1,1,136.0,360.0,1.0,0,0,0
LP002473,8334,0.0,1.0,0.0,1,1,160.0,360.0,0.0,1,1,0
LP002478,2083,4083.0,1.0,0.0,1,1,160.0,360.0,1.0,1,1,1
LP002484,7740,0.0,1.0,3.0,1,1,128.0,180.0,1.0,1,2,0
LP002487,3015,2188.0,1.0,0.0,1,1,153.0,360.0,1.0,1,0,0
LP002489,5191,0.0,1.0,1.0,0,0,132.0,360.0,1.0,0,1,0
LP002493,4166,0.0,0.0,0.0,1,1,98.0,360.0,0.0,0,1,0
LP002494,6000,0.0,1.0,0.0,1,1,140.0,360.0,1.0,0,0,0
LP002500,2947,1664.0,0.0,3.0,0,1,70.0,180.0,0.0,1,2,0
LP002501,16692,0.0,1.0,0.0,1,1,110.0,360.0,1.0,1,1,0
LP002502,210,2917.0,1.0,2.0,0,0,98.0,360.0,1.0,1,1,0
LP002505,4333,2451.0,1.0,0.0,1,1,110.0,360.0,0.0,1,2,0
LP002515,3450,2079.0,1.0,1.0,1,1,162.0,360.0,1.0,1,1,1
LP002517,2653,1500.0,0.0,1.0,0,1,113.0,180.0,0.0,1,0,0
LP002519,4691,0.0,1.0,3.0,1,1,100.0,360.0,1.0,1,1,0
LP002522,2500,0.0,1.0,0.0,1,0,93.0,360.0,1.0,0,2,1
LP002524,5532,4648.0,1.0,2.0,1,1,162.0,360.0,1.0,0,0,0
LP002527,16525,1014.0,1.0,2.0,1,1,150.0,360.0,1.0,1,0,1
LP002529,6700,1750.0,1.0,2.0,1,1,230.0,300.0,1.0,1,1,0
LP002530,2873,1872.0,0.0,2.0,1,1,132.0,360.0,0.0,1,1,0
LP002531,16667,2250.0,1.0,1.0,1,1,86.0,360.0,1.0,1,1,1
LP002533,2947,1603.0,1.0,2.0,1,1,126.0,360.0,0.0,1,2,0
LP002534,4350,0.0,1.0,0.0,0,0,154.0,360.0,1.0,0,0,0
LP002536,3095,0.0,1.0,3.0,0,1,113.0,360.0,1.0,1,0,0
LP002537,2083,3150.0,1.0,0.0,1,1,128.0,360.0,1.0,1,1,0
LP002541,10833,0.0,1.0,0.0,1,1,234.0,360.0,1.0,1,1,0
LP002543,8333,0.0,1.0,2.0,1,1,246.0,360.0,1.0,1,1,0
LP002544,1958,2436.0,1.0,1.0,0,1,131.0,360.0,1.0,1,0,0
LP002545,3547,0.0,0.0,2.0,1,1,80.0,360.0,0.0,0,0,0
LP002547,18333,0.0,1.0,1.0,1,1,500.0,360.0,0.0,1,2,0
LP002555,4583,2083.0,1.0,2.0,1,1,160.0,360.0,1.0,1,1,1
LP002556,2435,0.0,1.0,0.0,1,1,75.0,360.0,0.0,0,2,0
LP002560,2699,2785.0,1.0,0.0,0,1,96.0,360.0,1.0,0,1,0
LP002562,5333,1131.0,1.0,1.0,0,1,186.0,360.0,1.0,1,2,0
LP002571,3691,0.0,1.0,0.0,0,1,110.0,360.0,1.0,0,0,0
LP002582,17263,0.0,1.0,0.0,0,0,225.0,360.0,1.0,0,1,1
LP002585,3597,2157.0,0.0,0.0,1,1,119.0,360.0,0.0,1,0,0
LP002586,3326,913.0,1.0,1.0,1,0,105.0,84.0,1.0,1,1,0
LP002587,2600,1700.0,1.0,0.0,0,1,107.0,360.0,1.0,1,0,0
LP002588,4625,2857.0,1.0,0.0,1,1,111.0,12.0,1.0,1,2,0
LP002600,2895,0.0,1.0,1.0,1,1,95.0,360.0,1.0,1,1,1
LP002602,6283,4416.0,0.0,0.0,1,1,209.0,360.0,0.0,0,0,0
LP002603,645,3683.0,1.0,0.0,1,0,113.0,480.0,1.0,0,0,0
LP002606,3159,0.0,1.0,0.0,1,0,100.0,360.0,1.0,0,1,0
LP002615,4865,5624.0,1.0,2.0,1,1,208.0,360.0,1.0,1,1,0
LP002618,4050,5302.0,1.0,1.0,0,1,138.0,360.0,0.0,1,0,0
LP002619,3814,1483.0,1.0,0.0,0,1,124.0,300.0,1.0,1,1,0
LP002622,3510,4416.0,1.0,2.0,1,1,243.0,360.0,1.0,1,0,0
LP002624,20833,6667.0,1.0,0.0,1,1,480.0,360.0,1.0,1,2,0
LP002625,3583,0.0,1.0,0.0,1,1,96.0,360.0,0.0,0,2,0
LP002626,2479,3013.0,1.0,0.0,1,1,188.0,360.0,1.0,1,2,1
LP002634,13262,0.0,1.0,1.0,1,0,40.0,360.0,1.0,0,2,0
LP002637,3598,1287.0,1.0,0.0,0,1,100.0,360.0,0.0,0,0,0
LP002640,6065,2004.0,1.0,1.0,1,1,250.0,360.0,1.0,1,1,0
LP002643,3283,2035.0,1.0,2.0,1,1,148.0,360.0,1.0,1,2,0
LP002648,2130,6666.0,1.0,0.0,1,1,70.0,180.0,0.0,1,1,0
LP002652,5815,3666.0,1.0,0.0,1,1,311.0,360.0,0.0,0,0,0
LP002659,3466,3428.0,1.0,3.0,1,1,150.0,360.0,1.0,1,0,0
LP002670,2031,1632.0,1.0,2.0,1,0,113.0,480.0,1.0,1,1,0
LP002682,3074,1800.0,0.0,0.0,0,1,123.0,360.0,0.0,1,1,0
LP002683,4683,1915.0,1.0,0.0,1,1,185.0,360.0,0.0,0,1,0
LP002684,3400,0.0,1.0,0.0,0,0,95.0,360.0,0.0,0,0,0
LP002689,2192,1742.0,1.0,2.0,0,1,45.0,360.0,1.0,1,1,0
LP002690,2500,0.0,1.0,0.0,1,1,55.0,360.0,1.0,0,1,0
LP002692,5677,1424.0,1.0,3.0,1,1,100.0,360.0,1.0,1,0,1
LP002693,7948,7166.0,1.0,2.0,1,1,480.0,360.0,1.0,1,0,1
LP002697,4680,2087.0,1.0,0.0,1,1,126.0,360.0,0.0,0,1,0
LP002699,17500,0.0,1.0,2.0,1,1,400.0,360.0,1.0,1,0,1
LP002705,3775,0.0,1.0,0.0,1,1,110.0,360.0,1.0,1,1,0
LP002706,5285,1430.0,0.0,1.0,0,1,161.0,360.0,1.0,1,1,0
LP002714,2679,1302.0,1.0,1.0,0,1,94.0,360.0,1.0,0,1,0
LP002716,6783,0.0,1.0,0.0,0,1,130.0,360.0,1.0,0,1,0
LP002717,1025,5500.0,1.0,0.0,1,1,216.0,360.0,1.0,1,0,0
LP002720,4281,0.0,1.0,3.0,1,1,100.0,360.0,1.0,1,2,0
LP002723,3588,0.0,0.0,2.0,1,1,110.0,360.0,0.0,0,0,0
LP002729,11250,0.0,1.0,1.0,1,1,196.0,360.0,0.0,0,1,0
LP002731,18165,0.0,1.0,0.0,0,0,125.0,360.0,1.0,0,2,1
LP002732,2550,2042.0,1.0,0.0,0,1,126.0,360.0,1.0,0,0,0
LP002734,6133,3906.0,1.0,0.0,1,1,324.0,360.0,1.0,1,2,0
LP002738,3617,0.0,1.0,2.0,1,1,107.0,360.0,1.0,0,1,0
LP002739,2917,536.0,1.0,0.0,0,1,66.0,360.0,0.0,1,0,0
LP002740,6417,0.0,1.0,3.0,1,1,157.0,180.0,1.0,1,0,0
LP002741,4608,2845.0,1.0,1.0,1,0,140.0,180.0,1.0,1,1,0
LP002743,2138,0.0,0.0,0.0,1,0,99.0,360.0,0.0,0,1,0
LP002753,3652,0.0,1.0,1.0,1,0,95.0,360.0,1.0,0,1,0
LP002755,2239,2524.0,1.0,1.0,0,1,128.0,360.0,1.0,1,2,0
LP002757,3017,663.0,1.0,0.0,0,0,102.0,360.0,1.0,1,1,0
LP002767,2768,1950.0,1.0,0.0,1,1,155.0,360.0,1.0,1,0,0
LP002768,3358,0.0,1.0,0.0,0,1,80.0,36.0,0.0,0,1,0
LP002772,2526,1783.0,1.0,0.0,1,1,145.0,360.0,1.0,0,0,0
LP002776,5000,0.0,0.0,0.0,1,0,103.0,360.0,0.0,0,1,0
LP002777,2785,2016.0,1.0,0.0,1,1,110.0,360.0,1.0,1,0,0
LP002778,6633,0.0,0.0,2.0,1,1,126.0,360.0,0.0,1,0,1
LP002784,2492,2375.0,1.0,1.0,0,1,126.0,360.0,1.0,1,0,0
LP002785,3333,3250.0,1.0,1.0,1,1,158.0,360.0,1.0,1,2,0
LP002788,2454,2333.0,0.0,0.0,0,1,181.0,360.0,0.0,1,2,0
LP002789,3593,4266.0,0.0,0.0,1,1,132.0,180.0,0.0,1,0,0
LP002792,5468,1032.0,1.0,1.0,1,1,26.0,360.0,1.0,1,1,0
LP002794,2667,1625.0,1.0,0.0,1,0,84.0,360.0,1.0,0,2,0
LP002795,10139,0.0,1.0,3.0,1,1,260.0,360.0,1.0,1,1,1
LP002798,3887,2669.0,1.0,0.0,1,1,162.0,360.0,1.0,1,1,0
LP002804,4180,2306.0,1.0,0.0,1,0,182.0,360.0,1.0,1,1,0
LP002807,3675,242.0,1.0,2.0,0,1,108.0,360.0,1.0,1,1,0
LP002813,19484,0.0,1.0,1.0,1,0,600.0,360.0,1.0,1,1,1
LP002820,5923,2054.0,1.0,0.0,1,1,211.0,360.0,1.0,1,0,0
LP002821,5800,0.0,1.0,0.0,0,1,132.0,360.0,1.0,0,1,1
LP002832,8799,0.0,0.0,2.0,1,1,258.0,360.0,0.0,1,2,0
LP002833,4467,0.0,1.0,0.0,0,1,120.0,360.0,1.0,1,0,0
LP002836,3333,0.0,1.0,0.0,1,1,70.0,360.0,1.0,0,2,0
LP002837,3400,2500.0,0.0,3.0,1,1,123.0,360.0,0.0,1,0,0
LP002840,2378,0.0,1.0,0.0,1,0,9.0,360.0,0.0,0,2,0
LP002841,3166,2064.0,0.0,0.0,1,1,104.0,360.0,0.0,1,2,0
LP002842,3417,1750.0,1.0,1.0,1,1,186.0,360.0,1.0,1,2,0
LP002847,5116,1451.0,0.0,0.0,1,1,165.0,360.0,0.0,1,2,0
LP002855,16666,0.0,1.0,2.0,1,1,275.0,360.0,1.0,1,2,0
LP002862,6125,1625.0,1.0,2.0,0,1,187.0,480.0,0.0,1,1,0
LP002863,6406,0.0,1.0,3.0,1,1,150.0,360.0,0.0,1,1,0
LP002868,3159,461.0,1.0,2.0,1,1,108.0,84.0,1.0,1,2,0
LP002872,3087,2210.0,0.0,0.0,1,1,136.0,360.0,0.0,1,1,0
LP002874,3229,2739.0,1.0,0.0,1,1,110.0,360.0,1.0,0,2,0
LP002877,1782,2232.0,1.0,1.0,1,1,107.0,360.0,1.0,1,0,0
LP002888,3182,2917.0,1.0,0.0,1,1,161.0,360.0,1.0,0,2,0
LP002892,6540,0.0,1.0,2.0,1,1,205.0,360.0,1.0,1,1,0
LP002893,1836,33837.0,1.0,0.0,1,1,90.0,360.0,0.0,0,2,0
LP002894,3166,0.0,1.0,0.0,1,0,36.0,360.0,1.0,1,1,0
LP002898,1880,0.0,1.0,1.0,1,1,61.0,360.0,0.0,1,0,0
LP002911,2787,1917.0,0.0,1.0,1,1,146.0,360.0,0.0,1,0,0
LP002912,4283,3000.0,1.0,1.0,1,1,172.0,84.0,0.0,1,0,0
LP002916,2297,1522.0,1.0,0.0,1,1,104.0,360.0,1.0,1,2,0
LP002917,2165,0.0,1.0,0.0,0,0,70.0,360.0,1.0,0,1,0
LP002925,4750,0.0,1.0,0.0,1,1,94.0,360.0,1.0,0,1,0
LP002926,2726,0.0,0.0,2.0,1,1,106.0,360.0,0.0,1,1,1
LP002928,3000,3416.0,1.0,0.0,1,1,56.0,180.0,1.0,1,1,0
LP002931,6000,0.0,1.0,2.0,1,1,205.0,240.0,0.0,1,1,1
LP002933,9357,0.0,1.0,3.0,1,1,292.0,360.0,1.0,0,1,1
LP002936,3859,3300.0,1.0,0.0,1,1,142.0,180.0,1.0,1,0,0
LP002938,16120,0.0,1.0,0.0,1,1,260.0,360.0,1.0,1,2,1
LP002940,3833,0.0,1.0,0.0,0,1,110.0,360.0,1.0,0,0,0
LP002941,6383,1000.0,1.0,2.0,0,1,187.0,360.0,0.0,1,0,1
LP002943,2987,0.0,0.0,0.0,1,1,88.0,360.0,0.0,0,1,0
LP002945,9963,0.0,1.0,0.0,1,1,180.0,360.0,1.0,1,0,1
LP002948,5780,0.0,1.0,2.0,1,1,192.0,360.0,1.0,1,2,0
LP002949,416,41667.0,1.0,3.0,1,0,350.0,180.0,0.0,0,2,0
LP002950,2894,2792.0,1.0,0.0,0,1,155.0,360.0,1.0,1,0,0
LP002953,5703,0.0,1.0,3.0,1,1,128.0,360.0,1.0,1,2,0
LP002958,3676,4301.0,1.0,0.0,1,1,172.0,360.0,1.0,0,0,0
LP002959,12000,0.0,1.0,1.0,1,0,496.0,360.0,1.0,1,1,0
LP002960,2400,3800.0,1.0,0.0,0,1,126.0,180.0,0.0,1,2,0
LP002961,3400,2500.0,1.0,1.0,1,1,173.0,360.0,1.0,1,1,0
LP002964,3987,1411.0,1.0,2.0,0,1,157.0,360.0,1.0,1,0,0
LP002974,3232,1950.0,1.0,0.0,1,1,108.0,360.0,1.0,1,0,0
LP002978,2900,0.0,1.0,0.0,1,0,71.0,360.0,1.0,0,0,0
LP002979,4106,0.0,1.0,3.0,1,1,40.0,180.0,1.0,1,0,0
LP002983,8072,240.0,1.0,1.0,1,1,253.0,360.0,1.0,1,2,0
LP002984,7583,0.0,1.0,2.0,1,1,187.0,360.0,1.0,1,2,0
LP002990,4583,0.0,0.0,0.0,1,0,133.0,360.0,0.0,0,1,1
